MAAT Number,Name of Defendant,DOB,Offences,Name of Court Hearing the Case,Name of Solicitor,Provider Account Number,Signature of Solicitor,Details of offences to be appealed,Set out grounds for appeal,Change in Circumstances,Additional Information? 
1000464765,Carol Smith,10/12/1987,"Theft, Shop lifting",Birmingham,Tumblers,018VN,,Theft,Mental Health status of client,N,Y
1000464766,Andrew Brown,14/09/1978,Robbery,Leeds,Blavos,576JH,,Robbery,Repeat Offender,N,N
1000464767,Samantha Rebecca,16/07/1983,Assualt,Nottingham,Henrys,176DF,,Assualt,Mental Health status of client,N,N
1000464768,Paul Jameson,03/02/1967,Minor Fraud,Birmingham,Mills and Co,985KL,,Minor Fraud,Volume of offences,Y,Y
1000464769,Sally Jane,04/11/1992,"Drunk and disorderly, Acts outraging public decency ",Bristol,Stephensons,853TH,,"Drunk and disorderly, Acts outraging public decency ",Seriousness of offence,N,N
1000464770,Robert Carlo,08/01/1956,Anti social behaviour,Lewes,CDS,123MN,,Anti social behaviour,Volume of offences,Y,Y
1000464771,Fiona Notes,09/04/1934,"Assualt, Wanton or furious driving",Snaresbrook,Smith Smithsons,143KJ,,Assualt,Co defendants involved,N,N
1000464772,Matthew Libra,07/12/1965,Robbery,Leeds,Qualitys Sols,545LK,,Robbery,Repeat Offender,N,N
1000464773,Steve Jobs,05/07/1957,Anti Social Behaviour,Nottingham,Warwicks,652KY,,Anti Social Behaviour,Seriousness of offence,Y,N
1000464774,Donna Simpson,07/03/1956,Possession of a class C drug,Manchester,Total Solicitors,125JT,,Possession of a class C drug,Previous offences,N,N
1000464775,Maria Causer,13/01/1945,Solicitation for immoral purposes,Cardiff,Get Done Sols,978WE,,Solicitation for immoral purposes,Disagree with original decision,N,Y
1000464776,Gemma Henley,30/01/1991,Keeping a disorderly house,Cardiff,Foals and Co,145RF,,Keeping a disorderly house,Mental Health status of client,N,Y
1000464777,James- Paul Cox,08/04/1979,"Obstructing Customs officer, Impersonating Customs officer ",Brighton,Brothers Solicitors,353NG,,Obstructing Customs officer,Incorrectly completed application,N,N
1000464778,Lauren Bawn,23/05/1941,"Sending prohibited articles by post, Putting people in fear of violence ",Central Criminal Court,Teamwork Advocates,211AA,,Putting people in fear of violence,Previous offences,Y,N
1000464779,Rachel Fawnsmith,31/03/1972,Breach of sex offender order,Southampton,Hames Partnerships,000BB,,Breach of sex offender order,Incorrectly completed application,Y,Y
1000464780,Patrick Harvey,07/04/1982,Being drunk on aircraft,Snaresbrook,Defence Sols,R2D2,,Being drunk on aircraft,Seriousness of offence,Y,Y
1000464781,Dean Rocholle,09/12/1935,"Forgery and misuse of driving
documents, Forgery of driving documents, Dangerous Driving ",Leeds,Legal Experts,430PP,,Dangerous Driving,Seriousness of offence,Y,N
1000464782,Peter Sheers,19/12/1987,Racially-aggravated harassment,Warwick,Peoples Solicitors,987YT,,Racially-aggravated harassment,Repeat Offender,N,Y
1000464783,Gene Roberts,09/03/1934,Breach of anti-social behaviour order,Northampton,"Harvey, Mills and Briggs Co",144OO,,Breach of anti-social behaviour order,Disagree with original decision,N,Y